Country,Year,GDP_Growth,Gov_Expenditure,Inflation,Unemployment,Investment_FDI,Real_Interest_Rate,Trade_Openness
ARG,2000,-0.78899893905691,13.7841913064131,34.2772237131003,15.0,3.66579059535379,-8.56602872006595,22.6224447777343
ARG,2001,-4.40883968258557,14.1562743129569,34.2772237131003,17.32,0.806164134759348,-8.56602872006595,21.8522554515453
ARG,2002,-10.8944848285903,12.235247296692,34.2772237131003,19.59,2.19895819502207,-8.56602872006595,41.7527243585642
ARG,2003,8.83704079576924,11.4380567929249,34.2772237131003,15.36,1.29481086883944,-8.56602872006595,40.6447480311085
ARG,2004,9.02957330068152,11.114636067696,34.2772237131003,13.522,2.5050175164097,-8.56602872006595,40.692646108947
ARG,2005,8.85165992013437,12.1418612359575,34.2772237131003,11.506,2.64935441452167,-8.56602872006595,40.5512709706238
ARG,2006,8.04715150043027,12.4294153726307,34.2772237131003,10.078,2.38106854489628,-8.56602872006595,40.4334798719151
ARG,2007,9.00765087504757,12.9893238963619,34.2772237131003,8.47,2.25129423568361,-8.56602872006595,40.945170618571
ARG,2008,4.05723310346406,13.6335132595631,34.2772237131003,7.837,2.68990096507093,-8.56602872006595,40.4026733790382
ARG,2009,-5.91852507634947,15.903896746884,34.2772237131003,8.645,1.20643922647566,-8.56602872006595,34.0571269054879
ARG,2010,10.1253981561002,15.1637178886417,34.2772237131003,7.714,2.67516171886535,-8.56602872006595,34.9710132635696
ARG,2011,6.00395169280579,15.6889565165983,34.2772237131003,7.18,2.04465997872008,-7.77340523607891,35.2061549999644
ARG,2012,-1.0264204544321,16.6454378106252,34.2772237131003,7.217,2.80667189982932,-6.74819555440485,30.5265423717108
ARG,2013,2.40532378079436,16.8062377968797,34.2772237131003,7.1,1.77920553648531,-5.48583918237902,29.3339290021037
ARG,2014,-2.51261532081394,16.9498757371062,34.2772237131003,7.268,0.962406650325519,-11.6006987702161,28.4067936452275
ARG,2015,2.73115982828944,18.098379759087,34.2772237131003,7.577,1.97713461784426,-1.31470878459506,22.4862260889792
ARG,2016,-2.08032784377811,17.6545781863509,34.2772237131003,8.088,0.584748941173009,-7.00603984304116,26.0938878488799
ARG,2017,2.81850297775918,17.6968939223042,34.2772237131003,8.347,1.78936504083806,0.45589283233048,25.2896011376779
ARG,2018,-2.61739646282038,15.8050971558947,34.2772237131003,9.22,2.23253157689253,4.56440909873512,30.7625359549926
ARG,2019,-2.00086100285785,16.4432415862976,53.5483043492339,9.843,1.48500687570697,12.1039696489828,32.6306150458499
ARG,2020,-9.9004848136464,16.8730073837365,42.0150947376509,11.461,1.26616924308721,-7.63517421630372,30.203698807416
ARG,2021,10.4418119882506,15.9158179423023,48.4093786255199,8.736,1.36838083162438,-11.8618379621172,33.078689567466
ARG,2022,6.02074537534855,15.7026090548718,72.430757531824,6.805,2.3984601182853,-9.81968419782898,31.5801792606256
ARG,2023,-1.85578803046339,16.3015627890885,133.488935594175,6.139,3.81190879856952,-17.2542810000346,26.6769512482215
BRA,2000,4.38794944745618,18.7678457444131,7.04414105947266,10.889,5.03391680528314,48.5047281998625,22.6397613567941
BRA,2001,1.38989640095637,19.3432950140464,6.84035902487523,10.649,4.14759377398385,45.6378187103224,26.936285022064
BRA,2002,3.05346185909312,19.8096623456372,8.45016437708331,10.641,3.25358061271527,48.3404374454115,27.6183574022309
BRA,2003,1.14082899824888,19.0774784933715,14.7149197228147,11.168,1.81340052439304,46.4473988425047,28.1403847231593
BRA,2004,5.75996463670954,18.4675839197143,6.59718509985963,10.072,2.71353166307823,43.7791527165785,29.6782524787535
BRA,2005,3.20213206130431,18.8900014184589,6.86953720898964,10.551,1.73389354602718,44.6351688571973,27.0867952043315
BRA,2006,3.96198871122617,19.0389169455913,4.18356812896909,9.692,1.753125703626,41.2403264943498,26.04169989179
BRA,2007,6.06987060678338,18.9429876162865,3.64127299102652,9.28,3.19082601308524,35.0225154458254,25.2926113755394
BRA,2008,5.09419544658736,18.8393928731749,5.67859390284168,8.268,2.99060946922903,35.3667577909041,27.257569417356
BRA,2009,-0.125812002161169,19.6506384023989,4.88803479876799,9.419,1.88848224095724,34.7920096363809,22.1059756060333
BRA,2010,7.52822581815364,19.0168578366064,5.03872690108075,8.42,3.73001288350945,29.1158055203632,22.772178113177
BRA,2011,3.97442307944702,18.669256936864,6.6364496221309,7.578,3.91518011405433,32.8334595030087,23.9344051758721
BRA,2012,1.92117598576537,18.5301032652535,5.40349914036997,7.251,3.75496285641218,26.5820905384107,25.1142736107398
BRA,2013,3.00482266944432,18.8924789951339,6.20431066640101,7.071,3.04150901624338,18.4988444156891,25.7859573274674
BRA,2014,0.503955740242247,19.1535387102127,6.32904015516139,6.755,3.57135266957477,22.4036724322518,24.6854058131291
BRA,2015,-3.54576339269425,19.7768199564016,9.02990102416136,8.538,3.59214931791344,33.8323439727974,26.95362593736
BRA,2016,-3.27591690782192,20.3792974264123,8.73914352329393,11.58,4.13737803865892,40.6983614262467,24.5336820777006
BRA,2017,1.32286905404399,20.1619046963757,3.44637335032669,12.792,3.33825981739039,41.7138078856955,24.3197343743057
BRA,2018,1.783666761634,19.8950877833541,3.66485028376729,12.329,4.07858821454947,33.1023342519639,28.8762033763866
BRA,2019,1.22077782360842,19.9835812871624,3.73297621216894,11.936,3.692673213156,31.9030727578921,28.8902578698964
BRA,2020,-3.2767587964736,20.135153015057,3.21176803803376,13.697,2.59263795310275,21.1971796692944,32.3020785437939
BRA,2021,4.76260437908608,18.5475883605677,8.30165975585673,13.158,2.77979084938159,15.0108849841429,37.6563307598082
BRA,2022,3.01669435393015,18.4022127200534,9.28010608956873,9.231,3.8680317970139,28.3960928177676,38.8160659763397
BRA,2023,3.24165532906981,19.042610794419,4.59356282283204,7.947,2.86383344298207,36.5544706219779,33.6662298301438
CAN,2000,5.13853918994158,19.1064161806335,2.71943995691976,6.829,9.1710242867151,2.77554569831958,82.7653578503214
CAN,2001,1.87509813099847,19.5093203790186,2.52512013979906,7.219,3.84192129292476,4.17315131923916,78.3442183943698
CAN,2002,2.99925533832644,19.7786860731732,2.25839440940855,7.665,3.21914228445942,2.91399114577346,75.7069052324349
CAN,2003,1.8063851195103,19.8961700554057,2.75856321360112,7.574,0.782966307441581,1.39251832873691,69.8399832953973
CAN,2004,3.09236381038156,19.4174699133429,1.85725871857256,7.185,0.141465790138583,0.715870358321611,70.1923674409029
CAN,2005,3.21045441502793,19.0757499551557,2.21355203439767,6.758,2.17814542268079,1.25995668688001,69.7585441602155
CAN,2006,2.63794375302722,19.2483783285358,2.00202539534161,6.484,4.87400358632515,3.15988490874975,68.0508003453151
CAN,2007,2.04990459443619,19.2505356033619,2.13838399266837,6.156,8.20055904886214,2.71610176779662,66.2834197482347
CAN,2008,0.995406371264522,19.7193918809639,2.37027067444299,6.284,4.51512624244061,0.704445590117791,67.023446571123
CAN,2009,-2.91508627059555,21.9645435702208,0.299466803009299,8.46,1.52412827089472,4.83317459873091,58.4742801830543
CAN,2010,3.09080633744851,21.4753801201883,1.77687154092627,8.178,1.83724977084563,-0.237868736928105,60.2079046752442
CAN,2011,3.1371944343876,21.1457595858567,2.91213508872351,7.637,2.13782226222103,-0.236919959474943,62.4984217100546
CAN,2012,1.75566133205234,21.057925851495,1.51567823124517,7.392,2.70017935331081,1.76101643007326,62.5957887432013
CAN,2013,2.32581356612762,20.704487090186,0.938291897815317,7.143,3.62983069806946,1.23807392530013,62.2315329073432
CAN,2014,2.87346675579731,20.2665398097849,1.90663590717861,7.023,3.55389980711924,1.03779404633544,64.3785976132125
CAN,2015,0.64997101491096,20.8778041482202,1.12524136094277,6.945,3.85389066466467,3.67453323922593,66.1648355844224
CAN,2016,1.03855091989323,21.0480194121553,1.42875954701085,7.038,2.23834791127678,1.96890699902506,65.3636199818813
CAN,2017,3.03383491841392,20.7032830276468,1.59688412852977,6.426,1.5375171282853,0.125617247961227,65.1009087910845
CAN,2018,2.74296341402246,20.6814141954507,2.26822567248103,5.837,2.46930986353956,0.125617247961227,66.59982627163
CAN,2019,1.90843193887251,20.6634514308635,1.94926902411593,5.69,2.80676080429286,0.125617247961227,66.1713422730605
CAN,2020,-5.03823342794087,22.7010770856854,0.716999632307827,9.657,1.75896848026439,0.125617247961227,61.1566883386797
CAN,2021,5.95052804984759,21.4119101053587,3.39519318527528,7.527,2.97618405526996,0.125617247961227,62.2468612630348
CAN,2022,4.69541985045903,20.2954241620472,6.80280115341613,5.279,2.30686661821278,0.125617247961227,66.9531620692051
CAN,2023,1.95308552199025,20.7162347510337,3.87900159788426,5.415,1.99841597173847,0.125617247961227,66.5745425015033
CHN,2000,8.57357328926101,16.9834545142268,0.347811226864587,3.26,3.43984725315719,3.66081179161702,39.0109424774998
CHN,2001,8.32404695347056,16.56557352932,0.719125609120114,3.8,3.47245235578959,3.57012659422974,38.0826469518334
CHN,2002,9.23604870383861,16.2233328656845,-0.731970902350244,4.24,3.56241418263928,4.63046407070193,42.1944423387413
CHN,2003,10.1138119025242,15.4631349581316,1.12760348729637,4.58,3.43849537731211,2.59456449839418,51.0774801301803
CHN,2004,10.1404291872206,14.7768955354751,3.82463743108159,4.49,3.43299015092913,-1.30997356284343,58.6403340408439
CHN,2005,11.4535130030645,14.9800297513263,1.77641407667571,4.52,4.49218509012467,1.76079869323097,61.3600749408237
CHN,2006,12.6752842281595,15.0329501874396,1.6494309945586,4.43,4.44499743873593,2.01992596667161,63.5695798621627
CHN,2007,14.1507710506103,14.8435861590045,4.81676767378834,4.35,4.33537500236917,-0.410439106694471,61.2664640006176
CHN,2008,9.66877608164454,14.7289171300496,5.92525137041092,4.59,3.67520717506325,-2.36239428334508,56.7111330003209
CHN,2009,9.40610014336416,14.9931908239159,-0.728165250932898,4.72,2.52538984334254,5.39966609090969,44.4197644331119
CHN,2010,10.5916903885704,14.837784222569,3.17532475269199,4.53,3.93541996731512,-1.05008587192501,49.8540722338977
CHN,2011,9.46205248298186,15.511543498627,5.55389892257493,4.55,3.65069190228423,-1.34736009365721,49.9458272253643
CHN,2012,7.8578201481217,15.9047696976095,2.61952432645541,4.58,2.78099138181613,3.51196421926532,47.4802130784317
CHN,2013,7.77842954757257,15.9462837052091,2.62105001748115,4.6,2.98598708261986,3.61856200335179,45.9160413795571
CHN,2014,7.46100735778161,15.8783188765672,1.92164162788521,4.63,2.51155883670463,4.45937542503393,44.0684564812532
CHN,2015,6.98162255562367,16.2578121496943,1.43702380935655,4.65,2.14957284731563,4.20973314897109,38.6971848362625
CHN,2016,6.7736886867727,16.4004661104345,2.00000182191943,4.56,1.52539470315394,2.82893835409996,36.177170692978
CHN,2017,6.89123916636191,16.501760892272,1.59313600071436,4.47,1.32468971748482,0.195831844025431,36.95085261586
CHN,2018,6.757806142324,16.8365384091475,2.07479039965576,4.31,1.66361992284408,0.853565072603339,36.8943843914718
CHN,2019,6.06737806333672,17.1510123948127,2.89923416358227,4.56,1.28549226847992,2.99400114142806,35.4544350281407
CHN,2020,2.33950385203023,17.6037978191606,2.41942189457782,5.0,1.68770756292082,3.79916555206627,34.337778473884
CHN,2021,8.57038414981781,16.3512045683208,0.981015135544882,4.55,1.8903454142588,-0.118282146188387,36.6428789643754
CHN,2022,3.13385438394069,16.6626986358672,1.97357555739051,4.98,1.03841365474349,2.36955382500776,37.512555678171
CHN,2023,5.41600334492955,17.1891419707315,0.234836828893051,4.67,0.280991103634816,4.88153902941754,36.7391496938394
GBR,2000,4.52438074810904,16.531026223819,1.18295624210408,5.558,9.81876940536536,4.94007778507734,52.3380212335903
GBR,2001,2.39102229602824,17.1528722984472,1.53234960272418,4.696,3.38678339988188,3.35276851534879,52.6342367336438
GBR,2002,1.70902736258567,18.0527955561731,1.52040245947455,5.037,5.01305498138785,1.87229360848,51.2361820991323
GBR,2003,3.21851612669614,18.7023862140416,1.37650038542013,4.807,1.74707721568844,1.28051509830497,50.0681187039704
GBR,2004,2.32601853325993,19.2946803773218,1.39039756680422,4.594,3.58303251413023,1.60543979164839,50.2885521756133
GBR,2005,2.7906547174688,19.4812894931691,2.0891364902507,4.884,9.90268786448172,1.73498971863596,52.5442740383211
GBR,2006,2.18982132415704,19.651439705564,2.4556616643929,5.472,7.4878491502754,1.51610423583348,56.7047791729812
GBR,2007,2.93091133582351,19.5086899838825,2.38656150773327,5.399,6.74831602886359,3.44659213990367,52.7493524964733
GBR,2008,-0.0494116727402769,20.1590670926597,3.52140856342539,5.748,8.60551599075423,1.32675740896323,56.4365501052604
GBR,2009,-4.58740819226323,21.7087286497093,1.96173173560109,7.683,0.598804602454409,-1.33576903136853,54.6537301085991
GBR,2010,2.26054460931586,21.3812762286342,2.49265472467065,7.973,2.67286674184503,-0.817511776035438,59.0511802227821
GBR,2011,0.851437739020326,20.8090086799266,3.8561124468282,8.195,1.00957357920277,-1.92821635664364,63.3240615708901
GBR,2012,1.52826034721852,20.6106378085018,2.5732347965453,8.279,1.71895853790766,-1.03179878401941,61.9688704472535
GBR,2013,1.71846961308464,19.9508460252019,2.29166666666659,7.752,1.94762104828418,-1.62209771601829,61.7195395154583
GBR,2014,3.16017351468152,19.6392020334218,1.45112016293279,6.398,1.90870445734316,-1.0787978449774,58.8210228333296
GBR,2015,2.14040560033371,19.3307524418884,0.36804684232536,5.552,1.53903424150931,-1.0787978449774,57.125044605439
GBR,2016,2.20652020635357,19.0213766769505,1.0084173681141,4.909,11.9998637298189,-1.0787978449774,59.8395315138259
GBR,2017,3.02322219840339,18.4687648708625,2.55775577557747,4.501,4.64443540147576,-1.0787978449774,63.1899245764158
GBR,2018,1.55133095078786,18.3195114661863,2.29283990345938,4.145,-0.864867036878713,-1.0787978449774,64.9097721959201
GBR,2019,1.25629899760824,18.8950896176188,1.73810460086513,3.657,0.688204352262878,-1.0787978449774,65.0035664177054
GBR,2020,-10.047896637362,22.3195997590271,0.989486703772491,4.472,5.77039185007421,-1.0787978449774,59.1598893030611
GBR,2021,8.5431118453255,21.8969522769662,2.51837109614213,4.864,3.20643815254935,-1.0787978449774,58.53838629291
GBR,2022,5.14970388522993,20.5575158594765,7.92204883147902,3.768,2.91635435189931,-1.0787978449774,69.1989264413981
GBR,2023,0.271650048355255,20.6153775719761,6.79396706793963,4.025,0.403116734836793,-1.0787978449774,64.9923841747803
IDN,2000,4.9200677470169,6.53199497269296,3.68862037056682,6.077,-2.75743993350903,-1.65421247091313,71.4368759173731
IDN,2001,3.64346644721492,6.8890593699167,11.5001160550887,6.082,-1.85568619300523,3.71998595702973,69.7932075256238
IDN,2002,4.49947539085764,7.25745833839691,11.9001200338414,6.604,0.0741516383181159,12.3224124961922,59.0794617663723
IDN,2003,4.78036912167654,8.12948626357009,6.75731256333564,6.657,-0.254256320381005,10.8520711478648,53.6164937473016
IDN,2004,5.03087394501685,8.32186800551366,6.06406189133648,7.303,0.738243979887563,5.1344102312341,59.761294836691
IDN,2005,5.69257130383384,8.10950772075692,10.4532001873347,7.945,2.91611483313067,-0.245735467014772,63.9879358688635
IDN,2006,5.50095178520348,8.62716880197776,13.108670985346,7.551,1.34794264068931,1.65815142163521,56.6571268148867
IDN,2007,6.34502222667214,8.34646967931201,6.40656087966005,8.06,1.6030105718879,2.3396740908807,54.8292499782075
IDN,2008,6.01370360009123,8.42378092010217,10.2266663272483,7.208,1.82632902403998,-3.85224502633452,58.5613996312961
IDN,2009,4.62887118256153,9.58917814654342,4.38641311792074,6.106,0.90391941965406,5.7479520957843,45.5121213687054
IDN,2010,6.22385418062366,9.00591499311107,5.13420639015885,5.614,2.02517914569356,-1.74609753559601,46.7012738758737
IDN,2011,6.16978420771008,9.05867718048359,5.35604849112582,5.153,2.30298429381592,4.59437674883757,50.1800131841104
IDN,2012,6.03005065305615,9.24878837149533,4.2795142691943,4.468,2.30978031853073,7.75018856489028,49.5828982992627
IDN,2013,5.5572636889101,9.51771996272418,6.41249457900391,4.336,2.55135633401058,6.37493124212137,48.6373726752893
IDN,2014,5.006668425755,9.4250257185865,6.39492882396559,4.049,2.81997260412102,6.79211858069728,48.0801755855227
IDN,2015,4.87632230022123,9.74941376966575,6.36312061196646,4.514,2.29761639380441,8.34991063469474,41.9376402415294
IDN,2016,5.03306918280177,9.52781009028137,3.52580452815451,4.301,0.487372471368879,9.2244323441321,37.4213418023318
IDN,2017,5.06978590134916,9.12057115207813,3.80879857691949,3.783,2.01948919812582,6.50156399609039,39.3554970704606
IDN,2018,5.17429153955024,9.02123180420785,3.19834755924996,4.387,1.81428979349441,6.47124983937938,43.0743089552002
IDN,2019,5.01928768046282,8.80847129067065,3.03058460941661,3.59,2.23336204282241,8.62940479031397,37.6277775357108
IDN,2020,-2.06551182934165,9.65575053126545,1.91983527270793,4.255,1.81058402027127,9.98592671987596,32.9721754002427
IDN,2021,3.70288562827751,9.24694161503832,1.56007882983334,3.827,1.7878556314554,2.7532239499583,40.2047582749671
IDN,2022,5.30719722664799,7.68965394773072,4.20946463714784,3.462,1.87264100861425,-0.957376340510307,45.4646701959453
IDN,2023,5.04883117855516,7.4548740846574,3.66938654859761,3.308,1.57116966408747,7.2850532563888,41.4604765447233
IND,2000,3.84099115686554,11.9478354691139,4.0094359104519,7.589,0.765211694280817,8.34261083169541,26.9009229104474
IND,2001,4.82396626397303,11.7614498890899,3.77929312235637,7.611,1.05638020993358,8.59144929472996,25.9932547534365
IND,2002,3.80397532120038,11.3140950692424,4.29715203929562,7.681,1.01156946489919,7.90717718905634,29.5086629350614
IND,2003,7.86038147545045,10.8762099129119,3.80585899528853,7.633,0.605887857091792,7.30788115992965,30.592436132908
IND,2004,7.92293661307978,10.4047023481415,3.76725173477517,7.598,0.765596855110284,4.91012830439652,37.503814059447
IND,2005,7.92343062131789,10.3661401972455,4.24634362031924,7.551,0.886098378458823,4.85514517170548,42.0016696148691
IND,2006,8.06073257305057,9.80247046783494,5.79652337561634,7.553,2.13016842534495,2.57060670308207,45.7244804992652
IND,2007,7.66081506510766,9.86211572842642,6.37288135593231,7.562,2.07339404668754,5.68184406266903,45.686268679348
IND,2008,3.08669805950082,10.5384811563533,8.34926704907575,7.629,3.6205232354017,3.77175624993679,53.3682204392226
IND,2009,7.8618888330338,11.459667419691,10.8823529411764,7.636,2.65159033235479,4.80859210783414,46.2728696428837
IND,2010,8.49758470165625,11.0076078674499,11.9893899204245,7.631,1.6350340943491,-1.98385922190105,49.2552064974161
IND,2011,5.24131620024293,11.0844615855594,8.9117933648336,7.609,2.0020634629993,1.31798086277381,55.6238800135298
IND,2012,5.45638755164772,10.6838562318127,9.47899691419793,7.645,1.31293453035323,2.47352048879141,55.7937217287511
IND,2013,6.38610640091713,10.2951601419598,10.0178784746104,7.678,1.5162764665975,3.8659928626783,53.8441319466777
IND,2014,7.41022760516977,10.4408568081213,6.66565671867899,7.656,1.69565958990806,6.6951760905166,48.9221857470669
IND,2015,7.99625378567987,10.4282907091862,4.90697344127249,7.629,2.09211521443253,7.55648841350514,41.9229138658647
IND,2016,8.25630550176662,10.3085480747222,4.94821634062134,7.611,1.9373641224439,6.23271141480041,40.082485713276
IND,2017,6.79538341902422,10.7671989547856,3.32817337461305,7.626,1.50731583255894,5.3276088624176,40.7424969545225
IND,2018,6.45385134495295,10.8232185258548,3.93882646691643,7.652,1.55821483801456,5.36166638952418,43.6169693323889
IND,2019,3.87143694070524,11.0026755133718,3.72950573539123,6.51,1.78482633957161,6.8948754272989,39.9054035306442
IND,2020,-5.77772470687303,11.6124524106018,6.6234367762853,7.859,2.40620322673636,4.13599957785852,37.7581053292768
IND,2021,9.68959249191741,10.4763782400684,5.13140747176364,6.38,1.41217101040888,0.316945144201484,45.4230887840446
IND,2022,7.6093649776932,11.0688036450937,6.69903414079858,4.822,1.53665241748393,5.55501946152238,50.6979382758042
IND,2023,7.210224629335,10.6054981056988,5.64914318907925,4.172,0.802254995836756,5.55501946152238,46.3229520582338
ITA,2000,3.88209885062652,17.8233407313728,2.53768532095002,10.834,1.14581409094162,5.17582390639849,50.2747311455639
ITA,2001,2.00643329837733,18.4749145877067,2.78516542713554,9.599,1.26941636801649,4.09820217486432,49.8632723203495
ITA,2002,0.26992966378873,18.6145960121792,2.46532319171165,9.211,1.34499006490549,3.12811622868189,47.8713186791542
ITA,2003,0.0665538088732092,19.0650756831925,2.6725555277285,8.869,1.23649728851371,2.58132814975126,45.9940859777074
ITA,2004,1.4740217064723,19.2599448233726,2.20673661423657,7.866,1.10881762156492,2.80270189389167,47.2663923891771
ITA,2005,0.762410677306491,19.6997064385986,1.9852929852798,7.73,1.9711754818286,3.16379060277756,49.1221742288618
ITA,2006,1.79947992234244,19.5502275133951,2.09084391012754,6.777,2.91006549515942,3.33205306061278,52.9235429597012
ITA,2007,1.46229205289291,19.1061373626492,1.82974112202403,6.076,2.9684958153757,3.77483941993744,54.8280415572531
ITA,2008,-1.02313851177097,19.6720387939835,3.34783258401022,6.723,-0.393031898243063,4.32862903554889,54.2142548956671
ITA,2009,-5.30515401233991,20.8208815213722,0.774768131387381,7.749,0.751632233908177,2.93215777941709,45.1414765721604
ITA,2010,1.52910573247101,20.6877280787162,1.52551602118248,8.363,0.462974196548407,3.41342018267074,51.6621118138339
ITA,2011,0.695463154440176,19.9439205262434,2.78063272879323,8.359,1.49396922230512,2.82160353555801,54.4722149449288
ITA,2012,-3.12523877282996,19.9355930573762,3.04136333226775,10.655,0.00166359418160293,3.46119744979934,54.8844952702204
ITA,2013,-1.81802510749792,19.9446023702419,1.21999342274306,12.149,0.907076904789878,3.97364793630999,54.0341846317499
ITA,2014,-0.00138761730454462,19.625084060739,0.241047429826756,12.683,0.783743281747353,3.92865782875133,54.4545299332032
ITA,2015,0.885667635240807,19.1725049881929,0.0387903996579733,11.896,0.720886367724088,3.3204815735536,55.4356858148221
ITA,2016,1.23622108511661,19.1381480918602,-0.09401665691575,11.688,1.35957350873308,2.22028189161628,54.4321467018313
ITA,2017,1.60369995294101,18.9977833101079,1.22653316645812,11.211,0.44334154868577,2.27486413860821,57.5829940274911
ITA,2018,0.826646712344115,18.8848858137312,1.13748763600391,10.538,2.10769610409512,1.5923708555414,59.2749835128154
ITA,2019,0.429162533780342,18.6874454981379,0.611246943765304,9.884,1.77066894209208,1.53937572556579,58.6941902594738
ITA,2020,-8.86822122185345,20.7320079575481,-0.13770757391651,9.192,-0.893869914296462,0.739269290959431,53.9394839042764
ITA,2021,8.93106210800055,19.6375873442896,1.87378325762481,9.497,1.20474315612308,0.733185661773553,60.3019776202798
ITA,2022,4.82117669913565,18.838554715179,8.20128991161718,8.069,2.94181405797187,-1.15112854557422,72.0165023032697
ITA,2023,0.922796543670316,17.9022752317075,5.62219442195901,7.627,1.81363348239025,-1.28695914496663,65.1028419441908
JPN,2000,2.97832688768516,16.2988493817018,-0.676578683595175,4.748,0.211966659175493,3.31057141487637,19.2751936529389
JPN,2001,0.284608556379041,16.9871214974893,-0.740055504162738,5.02,0.110976878146313,3.00902151941449,19.2772303804527
JPN,2002,0.0849888050363319,17.5230676412891,-0.923494026942321,5.386,0.272197790665394,3.30170079285239,20.1432481553025
JPN,2003,1.38010935830795,17.6035501284581,-0.256541816316025,5.251,0.191794076237143,3.65157060492992,21.0750119103347
JPN,2004,2.11294823723127,17.5017268819927,-0.00857338820310272,4.734,0.152341816004989,3.05729587485188,23.4324185456932
JPN,2005,1.8482813374834,17.5160759916723,-0.282946068764391,4.446,0.111977275601545,3.02604460494252,25.9909279228382
JPN,2006,1.54630843078741,17.3348120303534,0.249355116079085,4.192,-0.0515679721801721,2.62941844764469,29.714872929485
JPN,2007,1.72837912865577,17.3297481265532,0.060039454498669,3.888,0.467735072888992,2.88191784811741,32.4957200262739
JPN,2008,-1.16662209355141,17.6813434344154,1.3800788616492,4.002,0.477207449449493,2.83861121401881,33.7738026089171
JPN,2009,-5.9359411383964,19.0444721731763,-1.35283672951719,5.068,0.229098901311457,2.19879243282486,24.1730393019729
JPN,2010,4.13645589222239,18.9527729272536,-0.728243207517779,5.102,0.128037155210339,3.56561041859023,28.2400150860666
JPN,2011,-0.20035785332982,19.6755211097853,-0.27245561610124,4.55,-0.0135476953217396,3.11626736285417,29.9713853558472
JPN,2012,1.64893452981225,19.729504957783,-0.0440645104432602,4.358,0.00863561136941304,2.21582773396187,30.174299547803
JPN,2013,1.99727653399265,19.6310664026448,0.335037912184741,4.038,0.201969683435447,1.48440011974468,33.5913694460807
JPN,2014,0.905915486065865,19.569565912101,2.75922671353253,3.589,0.396173028620197,-0.505624824522991,36.7643250218282
JPN,2015,1.79997735783475,19.1606996744383,0.795279630579839,3.385,0.115829519336403,-0.9106139954435,34.7276305886293
JPN,2016,0.704986495111257,19.1952236323288,-0.127258844489754,3.132,0.801395644123668,0.456903097607028,30.6562793068554
JPN,2017,1.62345062245441,18.9878945850343,0.484199796126385,2.822,0.37319148031924,0.972109141178608,33.6888336792782
JPN,2018,0.834143845965585,19.1049339062309,0.989094598021848,2.467,0.490646618599307,0.972109141178608,35.8035749582494
JPN,2019,-0.308496921143259,19.4451575446193,0.46877615938395,2.351,0.761769170240795,0.972109141178608,34.3582972799989
JPN,2020,-4.28327942675573,20.4376163201187,-0.024995834027731,2.809,1.20605775501323,0.972109141178608,30.5192226892273
JPN,2021,3.56419531474475,20.5324975835506,-0.233352779398264,2.808,0.67025659122188,0.972109141178608,35.4253927340539
JPN,2022,1.33164750653741,20.7103565973432,2.49770278172255,2.614,1.08260095152642,0.972109141178608,44.86063102004
JPN,2023,0.720785304749811,20.0946215543648,3.26813365933163,2.6,0.456297698647986,0.972109141178608,43.5950833802735
KOR,2000,9.2018583880479,10.5657622556615,2.25916580080157,4.063,1.92630076608706,7.54111863718284,64.0588155729056
KOR,2001,4.72593560322356,11.3505361029289,4.06657587897792,3.699,1.14917273381718,4.02519600370863,60.4277386641693
KOR,2002,7.74399895319569,11.3173666243086,2.76226210296599,3.046,0.842304427693724,3.64966247633618,56.6688767960273
KOR,2003,3.07472661826947,11.6926460752812,3.51487451459939,3.348,0.962229414316563,2.57995467101811,59.4242945541732
KOR,2004,5.1836368597334,11.8856980801376,3.59066298882578,3.42,1.61486572889407,2.55986121207347,67.9270638751076
KOR,2005,4.35823667337156,12.3342666695472,2.75379162735039,3.482,1.403996477148,4.40527011082801,66.1695148242697
KOR,2006,5.24500550580342,12.8064371013535,2.24234028518921,3.254,0.836569086676283,6.16075413094103,68.3749509402263
KOR,2007,5.8419633918717,12.8258089855345,2.53457382137932,3.013,0.722975995794071,3.9416601586454,71.3239614988013
KOR,2008,3.00440451679569,13.3680401279198,4.67389655533408,2.959,1.02488987542862,4.10863165815276,92.0833544961819
KOR,2009,0.81986175641795,13.9553200396238,2.7564965449393,3.363,0.917731561520283,2.07481127238993,83.1246099057162
KOR,2010,6.98166138853071,13.5041083461487,2.93928652655686,3.324,0.796207328344812,2.71883334374472,88.0278677123124
KOR,2011,3.6880320602952,13.7084319244367,4.0259650043609,2.992,0.747683727442323,4.42580144247274,101.68061646213
KOR,2012,2.54766550568242,14.0026335270874,2.18707104433314,2.812,0.711120351080011,4.05140294190715,101.51727207905
KOR,2013,3.2913959543442,14.2597016228901,1.30134754547413,3.067,0.889863368558993,3.52829393471496,94.1675235855873
KOR,2014,3.21468019683108,14.4870309446874,1.27477446401322,3.082,0.595893048504325,3.17863075274962,86.9342577972039
KOR,2015,2.92029267301234,14.3464638758806,0.70633177245575,3.546,0.266636382581676,0.295335527644416,75.3881774564907
KOR,2016,3.17152748983935,14.4415307448348,0.971685739912168,3.65,0.766507046338007,1.27867160404439,69.8997221316919
KOR,2017,3.433191763972,14.5742094583287,1.94433230786366,3.653,1.04741749331971,1.42899755923416,73.1921408264016
KOR,2018,3.17611568177327,15.1402621209188,1.47583935002645,3.824,0.66781363782051,3.07847583379285,74.7075162140824
KOR,2019,2.31380210595475,16.06298714056,0.383000303608136,3.746,0.550202642546341,4.09560933285802,71.4470632403511
KOR,2020,-0.700242317542106,16.9828462110022,0.537288023411737,3.931,0.502554290313687,1.19550220518032,65.544957860621
KOR,2021,4.61296795454287,17.0244387167472,2.49833333333339,3.639,1.13577953855347,-0.287216232726007,75.3063047610912
KOR,2022,2.72756456708991,17.6379104489815,5.08951365062842,2.857,1.39186469730544,2.44052857732634,90.5851475278549
KOR,2023,1.58301467403629,17.7751832803211,3.5974562502901,2.675,1.03221435142435,3.08772627466291,82.2580090716629
MEX,2000,5.02928399378261,9.03701601445798,9.49156149435403,2.646,2.47719212470142,5.62825957284796,49.9104091872497
MEX,2001,-0.450845253215945,9.35531059790458,6.36773806235037,2.627,3.77607805696573,5.9376464525908,44.7401090123173
MEX,2002,-0.236588001922641,9.83812245798445,5.03072733151295,3.003,2.48685750053046,2.56725076182637,45.209829259652
MEX,2003,1.18554486709559,10.4980403656953,4.54690012118718,3.455,2.37188032037657,2.630266101796,48.7004168690455
MEX,2004,3.56544102622887,10.0161818460585,4.68840884843143,3.937,3.06821035154364,-0.628122322435263,52.0406200335632
MEX,2005,2.11324711473297,10.0762299861197,3.98805714597437,3.558,2.74220134246066,3.59826025906876,52.5626446570451
MEX,2006,4.80501351664901,9.89214269664029,3.62946762439132,3.566,2.16893035275929,1.32383195043652,54.4821160886169
MEX,2007,2.0778639395329,9.9478928345363,3.96684905458235,3.628,2.81398718042151,1.35029775293142,55.2585243990368
MEX,2008,0.943331872912935,10.2592374986528,5.12498274575896,3.874,2.56307995857491,2.25320065331678,56.3652818731773
MEX,2009,-6.29525056697287,11.3834438585706,5.29735584228856,5.356,2.08311648643152,1.73076521261274,54.5917421356323
MEX,2010,4.9713345832195,11.2739649257548,4.15672722680174,5.303,2.76223720236461,0.869831509850299,59.2733845336286
MEX,2011,3.44404505297089,11.3282462816794,3.40737824605742,5.175,1.9442261568419,-0.718087426437587,62.1623872764498
MEX,2012,3.55321076010608,11.4486765375607,4.11150981070289,4.892,1.45258915061197,0.13259562383731,64.2579318938989
MEX,2013,0.852101550164704,11.7127320778729,3.80639069747204,4.921,3.83670268116194,2.52394544668066,62.6916747661852
MEX,2014,2.50376350783593,11.7538929137246,4.01861608078679,4.819,2.08415748539387,-0.782518921639472,64.0984090315875
MEX,2015,2.70232343024026,11.9012461267599,2.72064064964023,4.311,2.98783786611186,0.207059208001004,70.4129746799259
MEX,2016,1.7724932254128,11.5736804911904,2.8217078474766,3.853,3.49768027047347,-1.2475973505834,75.6903034088551
MEX,2017,1.87172854648381,11.2156675519089,6.04145724018986,3.419,2.78307493364523,0.717765179526944,76.95212604414
MEX,2018,1.97208211101069,11.2562967715418,4.89935015356551,3.275,3.0141785043816,2.69522693989711,80.212661650262
MEX,2019,-0.392690513290532,11.1079031004189,3.63596142127046,3.477,2.29651449559824,3.93998794762342,77.4619722509459
MEX,2020,-8.35403459379062,12.1968302797085,3.39683415570006,4.44,2.81400875229273,1.64584209088023,76.8545557151738
MEX,2021,6.04848347173572,11.4047335546323,5.68920847683753,4.019,2.70530313479407,0.386354441937539,83.0692976264524
MEX,2022,3.70975708309098,11.1310457410755,7.8962761916855,3.256,2.67267286267437,1.41798510250274,88.7984855897261
MEX,2023,3.1067964131456,11.2418882240693,5.52796087314389,2.765,1.7099038174861,6.60635475962413,73.7390758255664
USA,2000,4.07758575997799,14.0239462637226,3.37685727149929,3.992,3.40578123865959,6.81379246050012,25.1029855568536
USA,2001,0.955538337599847,14.535639012509,2.82617111885407,4.731,1.63009976725416,4.56713893450361,22.9671830154975
USA,2002,1.70044733078285,15.0590423298955,1.58603162650601,5.783,1.01613965201918,3.07324724961218,22.2863842136065
USA,2003,2.79560596378604,15.243622588149,2.27009497336115,5.989,1.0221840098809,2.10659448836249,22.6272972866813
USA,2004,3.84777169267127,15.1583063740649,2.67723669309172,5.529,1.74869094348654,1.60768046141462,24.4480566571904
USA,2005,3.48354993710312,15.0471459247069,3.3927468454955,5.084,1.09166231632209,2.96087521229479,25.6385573436769
USA,2006,2.78453963674239,15.0044554761098,3.22594410070404,4.623,2.16033590475335,4.72786366721857,26.9752858058903
USA,2007,2.0038583039496,15.1892867792327,2.85267248150138,4.622,2.39469075656401,5.19986376898933,28.0120155631098
USA,2008,0.113587247501258,15.9340689845308,3.839100296651,5.784,2.30937838146355,3.10104221900586,29.8677875257061
USA,2009,-2.5765002366652,16.8076926291334,-0.355546266299747,9.254,1.11260018343609,2.61707765207786,24.759527635837
USA,2010,2.69519258673525,16.6858385201221,1.6400434423899,9.633,1.75453192115262,2.01028262405699,28.2198829408336
USA,2011,1.56440685205419,16.0984239985661,3.156841568622,8.949,1.68911235141732,1.16289864996398,30.842478575914
USA,2012,2.28911339009767,15.4758437477121,2.06933726526067,8.069,1.54020833064168,1.3624637521625,30.681839575193
USA,2013,2.11783009443471,14.9919585599706,1.46483265562717,7.375,1.70686814034716,1.52221338388325,29.9413062848227
USA,2014,2.52381981757846,14.5516578754664,1.62222297740817,6.168,1.43033863092168,1.48256139371882,29.906569337428
USA,2015,2.94555045227337,14.2333167295426,0.118627135552451,5.28,2.79548220201356,2.31051463833344,27.6882139340768
USA,2016,1.81945147909089,14.1100041249858,1.26158320570536,4.869,2.52268117379751,2.53723230294962,26.4525977865465
USA,2017,2.45762230126449,13.8471337748498,2.13011000365961,4.355,1.94177554246862,2.26529637783859,27.1253382222874
USA,2018,2.96650506701943,13.8442126445718,2.44258329692817,3.896,1.03945408799819,2.55474987113849,27.4453591302618
USA,2019,2.58382533052225,13.9835585749329,1.81221007526021,3.669,1.46696501417689,3.57306216680747,26.2584806245428
USA,2020,-2.081375977796,14.8775026630059,1.23358439630629,8.055,0.641236014628299,2.17024683398691,23.1399437509149
USA,2021,6.15202247867526,14.2309724351013,4.69785886363742,5.349,2.01451214498067,-1.25567664234207,25.2327260228331
USA,2022,2.52421385073222,13.6769940249355,8.00279982052121,3.65,1.60006208497274,-1.25567664234207,26.9078981557739
USA,2023,2.93436322440155,13.5407140861824,4.11633838374488,3.638,1.30141768246586,-1.25567664234207,24.9292981752847
ZAF,2000,4.20000000067826,16.5672154108403,5.33895913599828,22.788,0.638427514423676,4.87058238653657,46.2207217354077
ZAF,2001,2.70000000019104,16.6218512164789,5.70189483049608,22.652,5.36834529785161,5.53834143339364,49.170945185829
ZAF,2002,3.70037440406668,16.7803880295906,9.494713780996,22.579,1.14635726911695,2.85418551575979,53.4655016294369
ZAF,2003,2.94907546754213,16.8663209712168,5.67942414068799,22.679,0.397492744432543,8.04784838936572,45.723862568979
ZAF,2004,4.55455990721774,17.0044389815087,-0.692039437857687,22.567,0.274199790569949,4.95038435886218,45.6435752240041
ZAF,2005,5.27705197295467,16.1488985315911,2.06285308223427,22.472,2.25781874505445,4.76148920296545,47.4277813970329
ZAF,2006,5.60380645895889,15.8607403931821,3.2439076541923,22.304,0.205125538574008,4.81030227960517,53.7681412741145
ZAF,2007,5.36047405394162,15.8864978575358,6.17781214809388,22.26,1.97755772219349,4.54604566856022,57.125139137747
ZAF,2008,3.1910438863288,17.0724538163321,9.90998456005467,22.407,3.12686614310453,6.74515150291692,65.9745237996233
ZAF,2009,-1.53808913525583,17.7936331368919,7.23809523809527,23.523,2.31217470344994,2.80250897674709,49.5875353278801
ZAF,2010,3.03973288127956,17.996063602882,4.06749555950263,24.683,0.884904611686012,3.49095978979672,50.4060871625999
ZAF,2011,3.16855627858818,18.1951431854763,5.0008533879502,24.639,0.903381424332556,3.27930122317635,54.6363504358971
ZAF,2012,2.39623238465745,18.8205452606488,5.73797139141739,24.727,1.06492249485696,3.88287299810937,55.5826171933345
ZAF,2013,2.48546800826588,19.0813745546722,5.78016910069176,24.561,2.05358095229684,2.50924549715633,58.875027630051
ZAF,2014,1.41382645223793,19.3140625940978,6.13282953059149,24.89,1.51932743753979,3.56702763012509,59.4995740550593
ZAF,2015,1.32186223678229,18.9850713286308,4.51869094892506,25.149,0.438735792056356,3.66774283297156,56.7266761447156
ZAF,2016,0.664552307858116,19.3075616545523,6.60290842394872,26.536,0.684612553455795,3.27825167845196,55.8612575048782
ZAF,2017,1.15794695181735,19.2360771279531,5.18618655524149,27.035,0.539673956759456,4.64731548547952,53.5359318293741
ZAF,2018,1.55678384721676,19.352226142463,4.50987264867388,26.906,1.3742911715346,5.85618355804153,54.4855451276341
ZAF,2019,0.25993557687633,19.5800800398681,4.10285075461156,28.468,1.31407752293306,5.26841565254553,53.8979964081406
ZAF,2020,-6.1689177146757,20.6203398698938,3.23238831615113,29.217,0.933073684352391,2.19841383909371,50.7596590804177
ZAF,2021,4.85864865060148,19.1219841764515,4.61874544887136,34.007,9.68098022663018,0.595087859723449,56.1647136277546
ZAF,2022,2.05813661692193,18.775567058988,7.03987272546482,33.268,2.26670277731613,3.37387624023208,64.94713440234
ZAF,2023,0.80610455095804,19.1795974311491,6.0752438457966,32.098,1.0127377916456,6.47206699043374,65.6798759740707
